"","sample","fastq_1","fastq_2","strandedness","ID","sf","Driver","Host","CDKN2AB","PTEN","Type","Clone","Replicate","OriginalOrder","Random_Sample_No","LibraryBatch","SeqBatch","SeqBatchSample","Adapter","QuickID","ID2"
"1","TK001","/data/project/MillerLab/projects/mNSC/220902_RB_Tomo/01_fastq/TK_1_S1_R1_001.fastq.gz",NA,"auto","TK_1","TK_1_S1_R1_001.sf","EGFRvIII","NSG","Hom_del","Hom_del","NS1","15.4.4",1,1,85,8,8,"S1",1,"TK85","TK_001_S1"
"2","TK002","/data/project/MillerLab/projects/mNSC/220902_RB_Tomo/01_fastq/TK_2_S4_R1_001.fastq.gz",NA,"auto","TK_2","TK_2_S4_R1_001.sf","EGFRvIII","NSG","Hom_del","Hom_del","NS1","15.4.4",2,2,100,9,9,"S4",9,"TK100","TK_002_S4"
"3","TK003","/data/project/MillerLab/projects/mNSC/220902_RB_Tomo/01_fastq/TK_3_S11_R1_001.fastq.gz",NA,"auto","TK_3","TK_3_S11_R1_001.sf","EGFRvIII","NSG","Hom_del","Hom_del","NS1","15.4.4",3,3,35,3,3,"S11",25,"TK35","TK_003_S11"
"4","TK004","/data/project/MillerLab/projects/mNSC/220902_RB_Tomo/01_fastq/TK_4_S10_R1_001.fastq.gz",NA,"auto","TK_4","TK_4_S10_R1_001.sf","EGFRvIII","NSG","Hom_del","Hom_del","NS1","15.5.2",1,4,70,6,6,"S10",23,"TK70","TK_004_S10"
"5","TK005","/data/project/MillerLab/projects/mNSC/220902_RB_Tomo/01_fastq/TK_5_S1_R1_001.fastq.gz",NA,"auto","TK_5","TK_5_S1_R1_001.sf","EGFRvIII","NSG","Hom_del","Hom_del","NS1","15.5.2",2,5,25,3,3,"S1",1,"TK25","TK_005_S1"
"6","TK006","/data/project/MillerLab/projects/mNSC/220902_RB_Tomo/01_fastq/TK_6_S6_R1_001.fastq.gz",NA,"auto","TK_6","TK_6_S6_R1_001.sf","EGFRvIII","NSG","Hom_del","Hom_del","NS1","15.5.2",3,6,54,5,5,"S6",11,"TK54","TK_006_S6"
"7","TK007","/data/project/MillerLab/projects/mNSC/220902_RB_Tomo/01_fastq/TK_7_S5_R1_001.fastq.gz",NA,"auto","TK_7","TK_7_S5_R1_001.sf","EGFRvIII","NSG","Hom_del","Hom_del","NS1","15.5.3",1,7,41,4,4,"S5",10,"TK41","TK_007_S5"
"8","TK008","/data/project/MillerLab/projects/mNSC/220902_RB_Tomo/01_fastq/TK_8_S3_R1_001.fastq.gz",NA,"auto","TK_8","TK_8_S3_R1_001.sf","EGFRvIII","NSG","Hom_del","Hom_del","NS1","15.5.3",2,8,99,9,9,"S3",8,"TK99","TK_008_S3"
"9","TK009","/data/project/MillerLab/projects/mNSC/220902_RB_Tomo/01_fastq/TK_9_S4_R1_001.fastq.gz",NA,"auto","TK_9","TK_9_S4_R1_001.sf","EGFRvIII","NSG","Hom_del","Hom_del","NS1","15.5.3",3,9,16,2,2,"S4",9,"TK16","TK_009_S4"
"10","TK010","/data/project/MillerLab/projects/mNSC/220902_RB_Tomo/01_fastq/TK_10_S4_R1_001.fastq.gz",NA,"auto","TK_10","TK_10_S4_R1_001.sf","EGFRvV","NSG","Hom_del","Hom_del","NS1","15.5.5",1,10,64,6,6,"S4",9,"TK64","TK_010_S4"
"11","TK011","/data/project/MillerLab/projects/mNSC/220902_RB_Tomo/01_fastq/TK_11_S8_R1_001.fastq.gz",NA,"auto","TK_11","TK_11_S8_R1_001.sf","EGFRvV","NSG","Hom_del","Hom_del","NS1","15.5.5",2,11,68,6,6,"S8",21,"TK68","TK_011_S8"
"12","TK012","/data/project/MillerLab/projects/mNSC/220902_RB_Tomo/01_fastq/TK_12_S7_R1_001.fastq.gz",NA,"auto","TK_12","TK_12_S7_R1_001.sf","EGFRvV","NSG","Hom_del","Hom_del","NS1","15.5.5",3,12,55,5,5,"S7",20,"TK55","TK_012_S7"
"13","TK013","/data/project/MillerLab/projects/mNSC/220902_RB_Tomo/01_fastq/TK_13_S8_R1_001.fastq.gz",NA,"auto","TK_13","TK_13_S8_R1_001.sf","EGFRvV","NSG","Hom_del","Hom_del","NS1","15.6.1",1,13,32,3,3,"S8",21,"TK32","TK_013_S8"
"14","TK014","/data/project/MillerLab/projects/mNSC/220902_RB_Tomo/01_fastq/TK_14_S7_R1_001.fastq.gz",NA,"auto","TK_14","TK_14_S7_R1_001.sf","EGFRvV","NSG","Hom_del","Hom_del","NS1","15.6.1",2,14,115,10,10,"S7",20,"TK115","TK_014_S7"
"15","TK015","/data/project/MillerLab/projects/mNSC/220902_RB_Tomo/01_fastq/TK_15_S4_R1_001.fastq.gz",NA,"auto","TK_15","TK_15_S4_R1_001.sf","EGFRvV","NSG","Hom_del","Hom_del","NS1","15.6.1",3,15,4,1,1,"S4",9,"TK04","TK_015_S4"
"16","TK016","/data/project/MillerLab/projects/mNSC/220902_RB_Tomo/01_fastq/TK_16_S12_R1_001.fastq.gz",NA,"auto","TK_16","TK_16_S12_R1_001.sf","EGFRvV","NSG","Hom_del","Hom_del","NS1","15.6.3",1,16,72,6,6,"S12",27,"TK72","TK_016_S12"
"17","TK017","/data/project/MillerLab/projects/mNSC/220902_RB_Tomo/01_fastq/TK_17_S8_R1_001.fastq.gz",NA,"auto","TK_17","TK_17_S8_R1_001.sf","EGFRvV","NSG","Hom_del","Hom_del","NS1","15.6.3",2,17,81,7,7,"S8",22,"TK81","TK_017_S8"
"18","TK018","/data/project/MillerLab/projects/mNSC/220902_RB_Tomo/01_fastq/TK_18_S9_R1_001.fastq.gz",NA,"auto","TK_18","TK_18_S9_R1_001.sf","EGFRvV","NSG","Hom_del","Hom_del","NS1","15.6.3",3,18,93,8,8,"S9",22,"TK93","TK_018_S9"
"19","TK019","/data/project/MillerLab/projects/mNSC/220902_RB_Tomo/01_fastq/TK_19_S6_R1_001.fastq.gz",NA,"auto","TK_19","TK_19_S6_R1_001.sf","PDGFRA","NSG","Hom_del","Hom_del","NS1","15.9.5",1,19,18,2,2,"S6",11,"TK18","TK_019_S6"
"20","TK020","/data/project/MillerLab/projects/mNSC/220902_RB_Tomo/01_fastq/TK_20_S1_R1_001.fastq.gz",NA,"auto","TK_20","TK_20_S1_R1_001.sf","PDGFRA","NSG","Hom_del","Hom_del","NS1","15.9.5",2,20,73,7,7,"S1",1,"TK73","TK_020_S1"
"21","TK021","/data/project/MillerLab/projects/mNSC/220902_RB_Tomo/01_fastq/TK_21_S10_R1_001.fastq.gz",NA,"auto","TK_21","TK_21_S10_R1_001.sf","PDGFRA","NSG","Hom_del","Hom_del","NS1","15.9.5",3,21,106,9,9,"S10",23,"TK106","TK_021_S10"
"22","TK022","/data/project/MillerLab/projects/mNSC/220902_RB_Tomo/01_fastq/TK_22_S7_R1_001.fastq.gz",NA,"auto","TK_22","TK_22_S7_R1_001.sf","PDGFRA","NSG","Hom_del","Hom_del","NS1","15.10.1",1,22,20,2,2,"S7",20,"TK19","TK_022_S7"
"23","TK023","/data/project/MillerLab/projects/mNSC/220902_RB_Tomo/01_fastq/TK_23_S3_R1_001.fastq.gz",NA,"auto","TK_23","TK_23_S3_R1_001.sf","PDGFRA","NSG","Hom_del","Hom_del","NS1","15.10.1",2,23,87,8,8,"S3",8,"TK87","TK_023_S3"
"24","TK024","/data/project/MillerLab/projects/mNSC/220902_RB_Tomo/01_fastq/TK_24_S9_R1_001.fastq.gz",NA,"auto","TK_24","TK_24_S9_R1_001.sf","PDGFRA","NSG","Hom_del","Hom_del","NS1","15.10.1",3,24,9,1,1,"S9",22,"TK09","TK_024_S9"
"25","TK025","/data/project/MillerLab/projects/mNSC/220902_RB_Tomo/01_fastq/TK_25_S8_R1_001.fastq.gz",NA,"auto","TK_25","TK_25_S8_R1_001.sf","PDGFRA","NSG","Hom_del","Hom_del","NS1","15.10.2",1,25,8,1,1,"S8",21,"TK08","TK_025_S8"
"26","TK026","/data/project/MillerLab/projects/mNSC/220902_RB_Tomo/01_fastq/TK_26_S10_R1_001.fastq.gz",NA,"auto","TK_26","TK_26_S10_R1_001.sf","PDGFRA","NSG","Hom_del","Hom_del","NS1","15.10.2",2,26,22,2,2,"S10",23,"TK22","TK_026_S10"
"27","TK027","/data/project/MillerLab/projects/mNSC/220902_RB_Tomo/01_fastq/TK_27_S4_R1_001.fastq.gz",NA,"auto","TK_27","TK_27_S4_R1_001.sf","PDGFRA","NSG","Hom_del","Hom_del","NS1","15.10.2",3,27,28,3,3,"S4",9,"TK28","TK_027_S4"
"28","TK028","/data/project/MillerLab/projects/mNSC/220902_RB_Tomo/01_fastq/TK_28_S11_R1_001.fastq.gz",NA,"auto","TK_28","TK_28_S11_R1_001.sf","EGFRvIII","BL6","Hom_del","Hom_del","NS1","16.4.4",1,28,59,5,5,"S11",25,"TK59","TK_028_S11"
"29","TK029","/data/project/MillerLab/projects/mNSC/220902_RB_Tomo/01_fastq/TK_29_S3_R1_001.fastq.gz",NA,"auto","TK_29","TK_29_S3_R1_001.sf","EGFRvIII","BL6","Hom_del","Hom_del","NS1","16.4.4",2,29,39,4,4,"S3",8,"TK39","TK_029_S3"
"30","TK030","/data/project/MillerLab/projects/mNSC/220902_RB_Tomo/01_fastq/TK_30_S7_R1_001.fastq.gz",NA,"auto","TK_30","TK_30_S7_R1_001.sf","EGFRvIII","BL6","Hom_del","Hom_del","NS1","16.4.4",3,30,31,3,3,"S7",20,"TK31","TK_030_S7"
"31","TK031","/data/project/MillerLab/projects/mNSC/220902_RB_Tomo/01_fastq/TK_31_S3_R1_001.fastq.gz",NA,"auto","TK_31","TK_31_S3_R1_001.sf","EGFRvIII","BL6","Hom_del","Hom_del","NS1","16.4.5",1,31,63,6,6,"S3",8,"TK63","TK_031_S3"
"32","TK032","/data/project/MillerLab/projects/mNSC/220902_RB_Tomo/01_fastq/TK_32_S9_R1_001.fastq.gz",NA,"auto","TK_32","TK_32_S9_R1_001.sf","EGFRvIII","BL6","Hom_del","Hom_del","NS1","16.4.5",2,32,33,3,3,"S9",22,"TK33","TK_032_S9"
"33","TK033","/data/project/MillerLab/projects/mNSC/220902_RB_Tomo/01_fastq/TK_33_S11_R1_001.fastq.gz",NA,"auto","TK_33","TK_33_S11_R1_001.sf","EGFRvIII","BL6","Hom_del","Hom_del","NS1","16.4.5",3,33,47,4,4,"S11",25,"TK47","TK_033_S11"
"34","TK034","/data/project/MillerLab/projects/mNSC/220902_RB_Tomo/01_fastq/TK_34_S5_R1_001.fastq.gz",NA,"auto","TK_34","TK_34_S5_R1_001.sf","EGFRvIII","BL6","Hom_del","Hom_del","NS1","16.5.1",1,34,113,10,10,"S5",10,"TK113","TK_034_S5"
"35","TK035","/data/project/MillerLab/projects/mNSC/220902_RB_Tomo/01_fastq/TK_35_S12_R1_001.fastq.gz",NA,"auto","TK_35","TK_35_S12_R1_001.sf","EGFRvIII","BL6","Hom_del","Hom_del","NS1","16.5.1",2,35,96,8,8,"S12",27,"TK96","TK_035_S12"
"36","TK036","/data/project/MillerLab/projects/mNSC/220902_RB_Tomo/01_fastq/TK_36_S10_R1_001.fastq.gz",NA,"auto","TK_36","TK_36_S10_R1_001.sf","EGFRvIII","BL6","Hom_del","Hom_del","NS1","16.5.1",3,36,10,1,1,"S10",23,"TK10","TK_036_S10"
"37","TK037","/data/project/MillerLab/projects/mNSC/220902_RB_Tomo/01_fastq/TK_37_S2_R1_001.fastq.gz",NA,"auto","TK_37","TK_37_S2_R1_001.sf","EGFRvV","BL6","Hom_del","Hom_del","NS1","16.6.1",1,37,62,6,6,"S2",3,"TK62","TK_037_S2"
"38","TK038","/data/project/MillerLab/projects/mNSC/220902_RB_Tomo/01_fastq/TK_38_S1_R1_001.fastq.gz",NA,"auto","TK_38","TK_38_S1_R1_001.sf","EGFRvV","BL6","Hom_del","Hom_del","NS1","16.6.1",2,38,97,9,9,"S1",1,"TK97","TK_038_S1"
"39","TK039","/data/project/MillerLab/projects/mNSC/220902_RB_Tomo/01_fastq/TK_39_S8_R1_001.fastq.gz",NA,"auto","TK_39","TK_39_S8_R1_001.sf","EGFRvV","BL6","Hom_del","Hom_del","NS1","16.6.1",3,39,92,8,8,"S8",21,"TK92","TK_039_S8"
"40","TK040","/data/project/MillerLab/projects/mNSC/220902_RB_Tomo/01_fastq/TK_40_S2_R1_001.fastq.gz",NA,"auto","TK_40","TK_40_S2_R1_001.sf","EGFRvV","BL6","Hom_del","Hom_del","NS1","16.6.4",1,40,50,5,5,"S2",3,"TK50","TK_040_S2"
"41","TK041","/data/project/MillerLab/projects/mNSC/220902_RB_Tomo/01_fastq/TK_41_S5_R1_001.fastq.gz",NA,"auto","TK_41","TK_41_S5_R1_001.sf","EGFRvV","BL6","Hom_del","Hom_del","NS1","16.6.4",2,41,89,8,8,"S5",10,"TK89","TK_041_S5"
"42","TK042","/data/project/MillerLab/projects/mNSC/220902_RB_Tomo/01_fastq/TK_42_S8_R1_001.fastq.gz",NA,"auto","TK_42","TK_42_S8_R1_001.sf","EGFRvV","BL6","Hom_del","Hom_del","NS1","16.6.4",3,42,56,5,5,"S8",21,"TK56","TK_042_S8"
"43","TK043","/data/project/MillerLab/projects/mNSC/220902_RB_Tomo/01_fastq/TK_43_S2_R1_001.fastq.gz",NA,"auto","TK_43","TK_43_S2_R1_001.sf","EGFRvV","BL6","Hom_del","Hom_del","NS1","16.6.5",1,43,38,4,4,"S2",3,"TK38","TK_043_S2"
"44","TK044","/data/project/MillerLab/projects/mNSC/220902_RB_Tomo/01_fastq/TK_44_S2_R1_001.fastq.gz",NA,"auto","TK_44","TK_44_S2_R1_001.sf","EGFRvV","BL6","Hom_del","Hom_del","NS1","16.6.5",2,44,2,1,1,"S2",3,"TK02","TK_044_S2"
"45","TK045","/data/project/MillerLab/projects/mNSC/220902_RB_Tomo/01_fastq/TK_45_S5_R1_001.fastq.gz",NA,"auto","TK_45","TK_45_S5_R1_001.sf","EGFRvV","BL6","Hom_del","Hom_del","NS1","16.6.5",3,45,29,3,3,"S5",10,"TK29","TK_045_S5"
"46","TK046","/data/project/MillerLab/projects/mNSC/220902_RB_Tomo/01_fastq/TK_46_S1_R1_001.fastq.gz",NA,"auto","TK_46","TK_46_S1_R1_001.sf","PDGFRA","BL6","Hom_del","Hom_del","NS1","16.9.5",1,46,109,10,10,"S1",1,"TK109","TK_046_S1"
"47","TK047","/data/project/MillerLab/projects/mNSC/220902_RB_Tomo/01_fastq/TK_47_S9_R1_001.fastq.gz",NA,"auto","TK_47","TK_47_S9_R1_001.sf","PDGFRA","BL6","Hom_del","Hom_del","NS1","16.9.5",2,47,69,6,6,"S9",22,"TK69","TK_047_S9"
"48","TK048","/data/project/MillerLab/projects/mNSC/220902_RB_Tomo/01_fastq/TK_48_S3_R1_001.fastq.gz",NA,"auto","TK_48","TK_48_S3_R1_001.sf","PDGFRA","BL6","Hom_del","Hom_del","NS1","16.9.5",3,48,15,2,2,"S3",8,"TK15","TK_048_S3"
"49","TK049","/data/project/MillerLab/projects/mNSC/220902_RB_Tomo/01_fastq/TK_49_S6_R1_001.fastq.gz",NA,"auto","TK_49","TK_49_S6_R1_001.sf","PDGFRA","BL6","Hom_del","Hom_del","NS1","16.10.1",1,49,30,3,3,"S6",11,"TK30","TK_049_S6"
"50","TK050","/data/project/MillerLab/projects/mNSC/220902_RB_Tomo/01_fastq/TK_50_S6_R1_001.fastq.gz",NA,"auto","TK_50","TK_50_S6_R1_001.sf","PDGFRA","BL6","Hom_del","Hom_del","NS1","16.10.1",2,50,42,4,4,"S6",11,"TK42","TK_050_S6"
"51","TK051","/data/project/MillerLab/projects/mNSC/220902_RB_Tomo/01_fastq/TK_51_S9_R1_001.fastq.gz",NA,"auto","TK_51","TK_51_S9_R1_001.sf","PDGFRA","BL6","Hom_del","Hom_del","NS1","16.10.1",3,51,105,9,9,"S9",22,"TK105","TK_051_S9"
"52","TK052","/data/project/MillerLab/projects/mNSC/220902_RB_Tomo/01_fastq/TK_52_S5_R1_001.fastq.gz",NA,"auto","TK_52","TK_52_S5_R1_001.sf","PDGFRA","BL6","Hom_del","Hom_del","NS1","16.10.2",1,52,53,5,5,"S5",10,"TK53","TK_052_S5"
"53","TK053","/data/project/MillerLab/projects/mNSC/220902_RB_Tomo/01_fastq/TK_53_S3_R1_001.fastq.gz",NA,"auto","TK_53","TK_53_S3_R1_001.sf","PDGFRA","BL6","Hom_del","Hom_del","NS1","16.10.2",2,53,75,7,7,"S3",8,"TK75","TK_053_S3"
"54","TK054","/data/project/MillerLab/projects/mNSC/220902_RB_Tomo/01_fastq/TK_54_S3_R1_001.fastq.gz",NA,"auto","TK_54","TK_54_S3_R1_001.sf","PDGFRA","BL6","Hom_del","Hom_del","NS1","16.10.2",3,54,111,10,10,"S3",8,"TK111","TK_054_S3"
"55","TK055","/data/project/MillerLab/projects/mNSC/220902_RB_Tomo/01_fastq/TK_55_S6_R1_001.fastq.gz",NA,"auto","TK_55","TK_55_S6_R1_001.sf","PDGFRA","BL6","Hom_del","Hom_del","Tumor","31.2.1",1,55,102,9,9,"S6",11,"TK102","TK_055_S6"
"56","TK056","/data/project/MillerLab/projects/mNSC/220902_RB_Tomo/01_fastq/TK_56_S12_R1_001.fastq.gz",NA,"auto","TK_56","TK_56_S12_R1_001.sf","PDGFRA","BL6","Hom_del","Hom_del","NS2","31.2.1",2,56,12,1,1,"S12",27,"TK12","TK_056_S12"
"57","TK057","/data/project/MillerLab/projects/mNSC/220902_RB_Tomo/01_fastq/TK_57_S11_R1_001.fastq.gz",NA,"auto","TK_57","TK_57_S11_R1_001.sf","PDGFRA","BL6","Hom_del","Hom_del","NS2","31.2.1",3,57,71,6,6,"S11",25,"TK71","TK_057_S11"
"58","TK058","/data/project/MillerLab/projects/mNSC/220902_RB_Tomo/01_fastq/TK_58_S6_R1_001.fastq.gz",NA,"auto","TK_58","TK_58_S6_R1_001.sf","PDGFRA","BL6","Hom_del","Hom_del","NS2","31.2.1",1,58,66,6,6,"S6",11,"TK66","TK_058_S6"
"59","TK059","/data/project/MillerLab/projects/mNSC/220902_RB_Tomo/01_fastq/TK_59_S1_R1_001.fastq.gz",NA,"auto","TK_59","TK_59_S1_R1_001.sf","PDGFRA","BL6","Hom_del","Hom_del","GBO","31.2.1",2,59,49,5,5,"S1",1,"TK49","TK_059_S1"
"60","TK060","/data/project/MillerLab/projects/mNSC/220902_RB_Tomo/01_fastq/TK_60_S5_R1_001.fastq.gz",NA,"auto","TK_60","TK_60_S5_R1_001.sf","PDGFRA","BL6","Hom_del","Hom_del","GBO","31.2.1",3,60,78,7,7,"S5",11,"TK78","TK_060_S5"
"61","TK061","/data/project/MillerLab/projects/mNSC/220902_RB_Tomo/01_fastq/TK_61_S7_R1_001.fastq.gz",NA,"auto","TK_61","TK_61_S7_R1_001.sf","PDGFRA","BL6","Hom_del","Hom_del","GBO","31.2.1",1,61,67,6,6,"S7",20,"TK67","TK_061_S7"
"62","TK062","/data/project/MillerLab/projects/mNSC/220902_RB_Tomo/01_fastq/TK_62_S8_R1_001.fastq.gz",NA,"auto","TK_62","TK_62_S8_R1_001.sf","PDGFRA","BL6","Hom_del","Hom_del","Tumor","31.2.3",2,62,44,4,4,"S8",21,"TK44","TK_062_S8"
"63","TK063","/data/project/MillerLab/projects/mNSC/220902_RB_Tomo/01_fastq/TK_63_S9_R1_001.fastq.gz",NA,"auto","TK_63","TK_63_S9_R1_001.sf","PDGFRA","BL6","Hom_del","Hom_del","NS2","31.2.3",3,63,82,7,7,"S9",23,"TK82","TK_063_S9"
"64","TK064","/data/project/MillerLab/projects/mNSC/220902_RB_Tomo/01_fastq/TK_64_S4_R1_001.fastq.gz",NA,"auto","TK_64","TK_64_S4_R1_001.sf","PDGFRA","BL6","Hom_del","Hom_del","NS2","31.2.3",1,64,52,5,5,"S4",9,"TK52","TK_064_S4"
"65","TK065","/data/project/MillerLab/projects/mNSC/220902_RB_Tomo/01_fastq/TK_65_S6_R1_001.fastq.gz",NA,"auto","TK_65","TK_65_S6_R1_001.sf","PDGFRA","BL6","Hom_del","Hom_del","NS2","31.2.3",2,65,6,1,1,"S6",11,"TK06","TK_065_S6"
"66","TK066","/data/project/MillerLab/projects/mNSC/220902_RB_Tomo/01_fastq/TK_66_S10_R1_001.fastq.gz",NA,"auto","TK_66","TK_66_S10_R1_001.sf","PDGFRA","BL6","Hom_del","Hom_del","GBO","31.2.3",3,66,76,10,10,"S10",23,"TK76","TK_066_S10"
"67","TK067","/data/project/MillerLab/projects/mNSC/220902_RB_Tomo/01_fastq/TK_67_S5_R1_001.fastq.gz",NA,"auto","TK_67","TK_67_S5_R1_001.sf","PDGFRA","BL6","Hom_del","Hom_del","GBO","31.2.3",1,67,5,1,1,"S5",10,"TK05","TK_067_S5"
"68","TK068","/data/project/MillerLab/projects/mNSC/220902_RB_Tomo/01_fastq/TK_68_S7_R1_001.fastq.gz",NA,"auto","TK_68","TK_68_S7_R1_001.sf","PDGFRA","BL6","Hom_del","Hom_del","GBO","31.2.3",2,68,7,1,1,"S7",20,"TK07","TK_068_S7"
"69","TK069","/data/project/MillerLab/projects/mNSC/220902_RB_Tomo/01_fastq/TK_69_S6_R1_001.fastq.gz",NA,"auto","TK_69","TK_69_S6_R1_001.sf","PDGFRA","BL6","Hom_del","Hom_del","Tumor","31.2.5",3,69,90,8,8,"S6",11,"TK90","TK_069_S6"
"70","TK070","/data/project/MillerLab/projects/mNSC/220902_RB_Tomo/01_fastq/TK_70_S7_R1_001.fastq.gz",NA,"auto","TK_70","TK_70_S7_R1_001.sf","PDGFRA","BL6","Hom_del","Hom_del","NS2","31.2.5",1,70,103,9,9,"S7",20,"TK103","TK_070_S7"
"71","TK071","/data/project/MillerLab/projects/mNSC/220902_RB_Tomo/01_fastq/TK_71_S4_R1_001.fastq.gz",NA,"auto","TK_71","TK_71_S4_R1_001.sf","PDGFRA","BL6","Hom_del","Hom_del","NS2","31.2.5",2,71,40,4,4,"S4",9,"TK40","TK_071_S4"
"72","TK072","/data/project/MillerLab/projects/mNSC/220902_RB_Tomo/01_fastq/TK_72_S1_R1_001.fastq.gz",NA,"auto","TK_72","TK_72_S1_R1_001.sf","PDGFRA","BL6","Hom_del","Hom_del","NS2","31.2.5",3,72,61,6,6,"S1",1,"TK61","TK_072_S1"
"73","TK073","/data/project/MillerLab/projects/mNSC/220902_RB_Tomo/01_fastq/TK_73_S11_R1_001.fastq.gz",NA,"auto","TK_73","TK_73_S11_R1_001.sf","PDGFRA","BL6","Hom_del","Hom_del","GBO","31.2.5",1,73,95,8,8,"S11",25,"TK95","TK_073_S11"
"74","TK074","/data/project/MillerLab/projects/mNSC/220902_RB_Tomo/01_fastq/TK_74_S9_R1_001.fastq.gz",NA,"auto","TK_74","TK_74_S9_R1_001.sf","PDGFRA","BL6","Hom_del","Hom_del","GBO","31.2.5",2,74,57,5,5,"S9",22,"TK57","TK_074_S9"
"75","TK075","/data/project/MillerLab/projects/mNSC/220902_RB_Tomo/01_fastq/TK_75_S3_R1_001.fastq.gz",NA,"auto","TK_75","TK_75_S3_R1_001.sf","PDGFRA","BL6","Hom_del","Hom_del","GBO","31.2.5",3,75,51,5,5,"S3",8,"TK51","TK_075_S3"
"76","TK076","/data/project/MillerLab/projects/mNSC/220902_RB_Tomo/01_fastq/TK_76_S2_R1_001.fastq.gz",NA,"auto","TK_76","TK_76_S2_R1_001.sf","EGFRvIII","BL6","Hom_del","Hom_del","Tumor","31.3.1",1,76,26,3,3,"S2",3,"TK26","TK_076_S2"
"77","TK077","/data/project/MillerLab/projects/mNSC/220902_RB_Tomo/01_fastq/TK_77_S11_R1_001.fastq.gz",NA,"auto","TK_77","TK_77_S11_R1_001.sf","EGFRvIII","BL6","Hom_del","Hom_del","NS2","31.3.1",2,77,23,2,2,"S11",25,"TK23","TK_077_S11"
"78","TK078","/data/project/MillerLab/projects/mNSC/220902_RB_Tomo/01_fastq/TK_78_S12_R1_001.fastq.gz",NA,"auto","TK_78","TK_78_S12_R1_001.sf","EGFRvIII","BL6","Hom_del","Hom_del","NS2","31.3.1",3,78,60,5,5,"S12",27,"TK60","TK_078_S12"
"79","TK079","/data/project/MillerLab/projects/mNSC/220902_RB_Tomo/01_fastq/TK_79_S4_R1_001.fastq.gz",NA,"auto","TK_79","TK_79_S4_R1_001.sf","EGFRvIII","BL6","Hom_del","Hom_del","NS2","31.3.1",1,79,77,7,7,"S4",10,"TK77","TK_079_S4"
"80","TK080","/data/project/MillerLab/projects/mNSC/220902_RB_Tomo/01_fastq/TK_80_S10_R1_001.fastq.gz",NA,"auto","TK_80","TK_80_S10_R1_001.sf","EGFRvIII","BL6","Hom_del","Hom_del","GBO","31.3.1",2,80,84,7,7,"S10",27,"TK84","TK_080_S10"
"81","TK081","/data/project/MillerLab/projects/mNSC/220902_RB_Tomo/01_fastq/TK_81_S11_R1_001.fastq.gz",NA,"auto","TK_81","TK_81_S11_R1_001.sf","EGFRvIII","BL6","Hom_del","Hom_del","GBO","31.3.1",3,81,83,10,10,"S11",25,"TK83","TK_081_S11"
"82","TK082","/data/project/MillerLab/projects/mNSC/220902_RB_Tomo/01_fastq/TK_82_S7_R1_001.fastq.gz",NA,"auto","TK_82","TK_82_S7_R1_001.sf","EGFRvIII","BL6","Hom_del","Hom_del","GBO","31.3.1",1,82,43,4,4,"S7",20,"TK43","TK_082_S7"
"83","TK083","/data/project/MillerLab/projects/mNSC/220902_RB_Tomo/01_fastq/TK_83_S1_R1_001.fastq.gz",NA,"auto","TK_83","TK_83_S1_R1_001.sf","EGFRvIII","BL6","Hom_del","Hom_del","Tumor","31.3.2",2,83,37,4,4,"S1",1,"TK37","TK_083_S1"
"84","TK084","/data/project/MillerLab/projects/mNSC/220902_RB_Tomo/01_fastq/TK_84_S5_R1_001.fastq.gz",NA,"auto","TK_84","TK_84_S5_R1_001.sf","EGFRvIII","BL6","Hom_del","Hom_del","NS2","31.3.2",3,84,65,6,6,"S5",10,"TK65","TK_084_S5"
"85","TK085","/data/project/MillerLab/projects/mNSC/220902_RB_Tomo/01_fastq/TK_85_S7_R1_001.fastq.gz",NA,"auto","TK_85","TK_85_S7_R1_001.sf","EGFRvIII","BL6","Hom_del","Hom_del","NS2","31.3.2",1,85,80,7,7,"S7",21,"TK80","TK_085_S7"
"86","TK086","/data/project/MillerLab/projects/mNSC/220902_RB_Tomo/01_fastq/TK_86_S8_R1_001.fastq.gz",NA,"auto","TK_86","TK_86_S8_R1_001.sf","EGFRvIII","BL6","Hom_del","Hom_del","NS2","31.3.2",2,86,116,10,10,"S8",21,"TK116","TK_086_S8"
"87","TK087","/data/project/MillerLab/projects/mNSC/220902_RB_Tomo/01_fastq/TK_87_S5_R1_001.fastq.gz",NA,"auto","TK_87","TK_87_S5_R1_001.sf","EGFRvIII","BL6","Hom_del","Hom_del","GBO","31.3.2",3,87,101,9,9,"S5",10,"TK101","TK_087_S5"
"88","TK088","/data/project/MillerLab/projects/mNSC/220902_RB_Tomo/01_fastq/TK_88_S12_R1_001.fastq.gz",NA,"auto","TK_88","TK_88_S12_R1_001.sf","EGFRvIII","BL6","Hom_del","Hom_del","GBO","31.3.2",1,88,48,4,4,"S12",27,"TK48","TK_088_S12"
"89","TK089","/data/project/MillerLab/projects/mNSC/220902_RB_Tomo/01_fastq/TK_89_S8_R1_001.fastq.gz",NA,"auto","TK_89","TK_89_S8_R1_001.sf","EGFRvIII","BL6","Hom_del","Hom_del","GBO","31.3.2",2,89,19,2,2,"S8",21,"TK20","TK_089_S8"
"90","TK090","/data/project/MillerLab/projects/mNSC/220902_RB_Tomo/01_fastq/TK_90_S9_R1_001.fastq.gz",NA,"auto","TK_90","TK_90_S9_R1_001.sf","EGFRvIII","BL6","Hom_del","Hom_del","Tumor","31.3.3",3,90,45,4,4,"S9",22,"TK45","TK_090_S9"
"91","TK091","/data/project/MillerLab/projects/mNSC/220902_RB_Tomo/01_fastq/TK_91_S1_R1_001.fastq.gz",NA,"auto","TK_91","TK_91_S1_R1_001.sf","EGFRvIII","BL6","Hom_del","Hom_del","NS2","31.3.3",1,91,13,2,2,"S1",1,"TK13","TK_091_S1"
"92","TK092","/data/project/MillerLab/projects/mNSC/220902_RB_Tomo/01_fastq/TK_92_S10_R1_001.fastq.gz",NA,"auto","TK_92","TK_92_S10_R1_001.sf","EGFRvIII","BL6","Hom_del","Hom_del","NS2","31.3.3",2,92,34,3,3,"S10",23,"TK34","TK_092_S10"
"93","TK093","/data/project/MillerLab/projects/mNSC/220902_RB_Tomo/01_fastq/TK_93_S10_R1_001.fastq.gz",NA,"auto","TK_93","TK_93_S10_R1_001.sf","EGFRvIII","BL6","Hom_del","Hom_del","NS2","31.3.3",3,93,58,5,5,"S10",23,"TK58","TK_093_S10"
"94","TK094","/data/project/MillerLab/projects/mNSC/220902_RB_Tomo/01_fastq/TK_94_S5_R1_001.fastq.gz",NA,"auto","TK_94","TK_94_S5_R1_001.sf","EGFRvIII","BL6","Hom_del","Hom_del","GBO","31.3.3",1,94,17,2,2,"S5",10,"TK17","TK_094_S5"
"95","TK095","/data/project/MillerLab/projects/mNSC/220902_RB_Tomo/01_fastq/TK_95_S10_R1_001.fastq.gz",NA,"auto","TK_95","TK_95_S10_R1_001.sf","EGFRvIII","BL6","Hom_del","Hom_del","GBO","31.3.3",2,95,94,8,8,"S10",23,"TK94","TK_095_S10"
"96","TK096","/data/project/MillerLab/projects/mNSC/220902_RB_Tomo/01_fastq/TK_96_S4_R1_001.fastq.gz",NA,"auto","TK_96","TK_96_S4_R1_001.sf","EGFRvIII","BL6","Hom_del","Hom_del","GBO","31.3.3",3,96,88,8,8,"S4",9,"TK88","TK_096_S4"
"97","TK097","/data/project/MillerLab/projects/mNSC/220902_RB_Tomo/01_fastq/TK_97_S2_R1_001.fastq.gz",NA,"auto","TK_97","TK_97_S2_R1_001.sf","EGFRvV","BL6","Hom_del","Hom_del","Tumor","31.4.1",1,97,98,9,9,"S2",3,"TK98","TK_097_S2"
"98","TK098","/data/project/MillerLab/projects/mNSC/220902_RB_Tomo/01_fastq/TK_98_S2_R1_001.fastq.gz",NA,"auto","TK_98","TK_98_S2_R1_001.sf","EGFRvV","BL6","Hom_del","Hom_del","NS2","31.4.1",2,98,110,10,10,"S2",3,"TK110","TK_098_S2"
"99","TK099","/data/project/MillerLab/projects/mNSC/220902_RB_Tomo/01_fastq/TK_99_S6_R1_001.fastq.gz",NA,"auto","TK_99","TK_99_S6_R1_001.sf","EGFRvV","BL6","Hom_del","Hom_del","NS2","31.4.1",3,99,79,7,7,"S6",20,"TK79","TK_099_S6"
"100","TK100","/data/project/MillerLab/projects/mNSC/220902_RB_Tomo/01_fastq/TK_100_S11_R1_001.fastq.gz",NA,"auto","TK_100","TK_100_S11_R1_001.sf","EGFRvV","BL6","Hom_del","Hom_del","NS2","31.4.1",1,100,107,9,9,"S11",25,"TK107","TK_100_S11"
"101","TK101","/data/project/MillerLab/projects/mNSC/220902_RB_Tomo/01_fastq/TK_101_S7_R1_001.fastq.gz",NA,"auto","TK_101","TK_101_S7_R1_001.sf","EGFRvV","BL6","Hom_del","Hom_del","GBO","31.4.1",2,101,91,8,8,"S7",20,"TK91","TK_101_S7"
"102","TK102","/data/project/MillerLab/projects/mNSC/220902_RB_Tomo/01_fastq/TK_102_S2_R1_001.fastq.gz",NA,"auto","TK_102","TK_102_S2_R1_001.sf","EGFRvV","BL6","Hom_del","Hom_del","GBO","31.4.1",3,102,86,8,8,"S2",3,"TK86","TK_102_S2"
"103","TK103","/data/project/MillerLab/projects/mNSC/220902_RB_Tomo/01_fastq/TK_103_S9_R1_001.fastq.gz",NA,"auto","TK_103","TK_103_S9_R1_001.sf","EGFRvV","BL6","Hom_del","Hom_del","GBO","31.4.1",1,103,117,10,10,"S9",22,"TK117","TK_103_S9"
"104","TK104","/data/project/MillerLab/projects/mNSC/220902_RB_Tomo/01_fastq/TK_104_S1_R1_001.fastq.gz",NA,"auto","TK_104","TK_104_S1_R1_001.sf","EGFRvV","BL6","Hom_del","Hom_del","Tumor","31.4.2",2,104,1,1,1,"S1",1,"TK01","TK_104_S1"
"105","TK105","/data/project/MillerLab/projects/mNSC/220902_RB_Tomo/01_fastq/TK_105_S3_R1_001.fastq.gz",NA,"auto","TK_105","TK_105_S3_R1_001.sf","EGFRvV","BL6","Hom_del","Hom_del","NS2","31.4.2",3,105,3,1,1,"S3",8,"TK03","TK_105_S3"
"106","TK106","/data/project/MillerLab/projects/mNSC/220902_RB_Tomo/01_fastq/TK_106_S9_R1_001.fastq.gz",NA,"auto","TK_106","TK_106_S9_R1_001.sf","EGFRvV","BL6","Hom_del","Hom_del","NS2","31.4.2",1,106,21,2,2,"S9",22,"TK21","TK_106_S9"
"107","TK107","/data/project/MillerLab/projects/mNSC/220902_RB_Tomo/01_fastq/TK_107_S3_R1_001.fastq.gz",NA,"auto","TK_107","TK_107_S3_R1_001.sf","EGFRvV","BL6","Hom_del","Hom_del","NS2","31.4.2",2,107,27,3,3,"S3",8,"TK27","TK_107_S3"
"108","TK108","/data/project/MillerLab/projects/mNSC/220902_RB_Tomo/01_fastq/TK_108_S12_R1_001.fastq.gz",NA,"auto","TK_108","TK_108_S12_R1_001.sf","EGFRvV","BL6","Hom_del","Hom_del","GBO","31.4.2",3,108,108,9,9,"S12",27,"TK108","TK_108_S12"
"109","TK109","/data/project/MillerLab/projects/mNSC/220902_RB_Tomo/01_fastq/TK_109_S4_R1_001.fastq.gz",NA,"auto","TK_109","TK_109_S4_R1_001.sf","EGFRvV","BL6","Hom_del","Hom_del","GBO","31.4.2",1,109,112,10,10,"S4",9,"TK112","TK_109_S4"
"110","TK110","/data/project/MillerLab/projects/mNSC/220902_RB_Tomo/01_fastq/TK_110_S2_R1_001.fastq.gz",NA,"auto","TK_110","TK_110_S2_R1_001.sf","EGFRvV","BL6","Hom_del","Hom_del","GBO","31.4.2",2,110,14,2,2,"S2",3,"TK14","TK_110_S2"
"111","TK111","/data/project/MillerLab/projects/mNSC/220902_RB_Tomo/01_fastq/TK_111_S11_R1_001.fastq.gz",NA,"auto","TK_111","TK_111_S11_R1_001.sf","EGFRvV","BL6","Hom_del","Hom_del","Tumor","31.4.3",3,111,11,1,1,"S11",25,"TK11","TK_111_S11"
"112","TK112","/data/project/MillerLab/projects/mNSC/220902_RB_Tomo/01_fastq/TK_112_S12_R1_001.fastq.gz",NA,"auto","TK_112","TK_112_S12_R1_001.sf","EGFRvV","BL6","Hom_del","Hom_del","NS2","31.4.3",1,112,24,2,2,"S12",27,"TK24","TK_112_S12"
"113","TK113","/data/project/MillerLab/projects/mNSC/220902_RB_Tomo/01_fastq/TK_113_S10_R1_001.fastq.gz",NA,"auto","TK_113","TK_113_S10_R1_001.sf","EGFRvV","BL6","Hom_del","Hom_del","NS2","31.4.3",2,113,46,4,4,"S10",23,"TK46","TK_113_S10"
"114","TK114","/data/project/MillerLab/projects/mNSC/220902_RB_Tomo/01_fastq/TK_114_S12_R1_001.fastq.gz",NA,"auto","TK_114","TK_114_S12_R1_001.sf","EGFRvV","BL6","Hom_del","Hom_del","NS2","31.4.3",3,114,36,3,3,"S12",27,"TK36","TK_114_S12"
"115","TK115","/data/project/MillerLab/projects/mNSC/220902_RB_Tomo/01_fastq/TK_115_S6_R1_001.fastq.gz",NA,"auto","TK_115","TK_115_S6_R1_001.sf","EGFRvV","BL6","Hom_del","Hom_del","GBO","31.4.3",1,115,114,10,10,"S6",11,"TK114","TK_115_S6"
"116","TK116","/data/project/MillerLab/projects/mNSC/220902_RB_Tomo/01_fastq/TK_116_S8_R1_001.fastq.gz",NA,"auto","TK_116","TK_116_S8_R1_001.sf","EGFRvV","BL6","Hom_del","Hom_del","GBO","31.4.3",2,116,104,9,9,"S8",21,"TK104","TK_116_S8"
"117","TK117","/data/project/MillerLab/projects/mNSC/220902_RB_Tomo/01_fastq/TK_117_S2_R1_001.fastq.gz",NA,"auto","TK_117","TK_117_S2_R1_001.sf","EGFRvV","BL6","Hom_del","Hom_del","GBO","31.4.3",3,117,74,7,7,"S2",3,"TK74","TK_117_S2"
